Model,Contribution_Rate
Base,5.039426203947159
TimeTrend,21.815369830000595
NoControls,9.182058047493378
