Model,Total_Effect,Contribution_Rate
Base,0.5039426203947159,5.039426203947159
With Trends,2.1815369830000595,21.815369830000595
No Controls,-8.615384615384588,-86.15384615384588
