Model,Coef,CI_low,CI_high,P_value,R2
Base,0.12598565509867576,-5.888519437963957,6.140490748161309,0.9607857965640472,0.8048617543888397
TimeTrend,0.5453842457896725,-6.645476873520433,7.736245365099778,0.8530962549838907,0.8125298841515624
NoControls,0.22955145118733444,-4.423937359865625,4.883040262240294,0.9176561978957978,0.16540300650026785
