Country,Sport,Original_Prediction
France,Basketball,2.8669382504147256
France,Judo,29.58709610413844
France,Volleyball,2.8669382504147256
Great Britain,Artistic Gymnastics,27.199704346405305
Great Britain,Cycling Track,19.318031695868736
Great Britain,Equestrian,12.60092252697294
Japan,Artistic Gymnastics,27.414082138012244
Japan,Judo,27.096723642258688
Japan,Wrestling,20.844649723834213
