Intercept,Slope,R_Squared,Intercept_P_Value,Slope_P_Value,Intercept_Std_Error,Slope_Std_Error
0.01485962162487016,-3.876337750564497e-05,0.5673442786392003,8.870923725766037e-12,1.5599210075625315e-06,0.0013368512031043753,6.397208134160982e-06
